"Symbol","Name","LastSale","MarketCap","IPOyear","Sector","industry","Summary Quote",
"TROW","T. Rowe Price Group, Inc.","71.97","$17.86B","1986","Finance","Investment Bankers/Brokers/Service","http://www.nasdaq.com/symbol/trow",
"TTOO","T2 Biosystems, Inc.","8.95","$182.44M","2014","Health Care","Medical/Dental Instruments","http://www.nasdaq.com/symbol/ttoo",
"DATA","Tableau Software, Inc.","43.64","$3.24B","2013","Technology","Computer Software: Prepackaged Software","http://www.nasdaq.com/symbol/data",
"TAHO","Tahoe Resources, Inc.","9.24","$2.1B","n/a","Basic Industries","Precious Metals","http://www.nasdaq.com/symbol/taho",
"TLRD","Tailored Brands, Inc.","16.91","$818.11M","n/a","Consumer Services","Clothing/Shoe/Accessory Stores","http://www.nasdaq.com/symbol/tlrd",
"TAIT","Taitron Components Incorporated","0.95","$5.26M","1995","Consumer Non-Durables","Electronic Components","http://www.nasdaq.com/symbol/tait",
"TWN","Taiwan Fund, Inc. (The)","15.0701","$123.89M","1986","n/a","n/a","http://www.nasdaq.com/symbol/twn",
"TSM","Taiwan Semiconductor Manufacturing Company Ltd.","24.65","$127.84B","1997","Technology","Semiconductors","http://www.nasdaq.com/symbol/tsm",
"TTWO","Take-Two Interactive Software, Inc.","34.51","$2.93B","1997","Technology","Computer Software: Prepackaged Software","http://www.nasdaq.com/symbol/ttwo",
"XRS","TAL Education Group","48.86","$3.9B","2010","Consumer Services","Other Consumer Services","http://www.nasdaq.com/symbol/xrs",
"TAL","TAL International Group, Inc.","12.71","$422.67M","2005","Technology","Diversified Commercial Services","http://www.nasdaq.com/symbol/tal",
"TLN","Talen Energy Corporation","7.61","$978.09M","2015","Public Utilities","Electric Utilities: Central","http://www.nasdaq.com/symbol/tln",
"TEGP","Tallgrass Energy GP, LP","15.15","$2.38B","2015","Public Utilities","Natural Gas Distribution","http://www.nasdaq.com/symbol/tegp",
"TEP","Tallgrass Energy Partners, LP","36.05","$2.42B","2013","Public Utilities","Natural Gas Distribution","http://www.nasdaq.com/symbol/tep",
"TLMR","Talmer Bancorp, Inc.","17.42","$1.16B","2014","Finance","Major Banks","http://www.nasdaq.com/symbol/tlmr",
"TNDM","Tandem Diabetes Care, Inc.","9.98","$302.21M","2013","Health Care","Medical/Dental Instruments","http://www.nasdaq.com/symbol/tndm",
"TLF","Tandy Leather Factory, Inc.","7.13","$69.54M","n/a","Consumer Non-Durables","Apparel","http://www.nasdaq.com/symbol/tlf",
"SKT","Tanger Factory Outlet Centers, Inc.","33.85","$3.25B","1993","Consumer Services","Real Estate Investment Trusts","http://www.nasdaq.com/symbol/skt",
"TNGO","Tangoe, Inc.","7.05","$277.99M","2011","Technology","Computer Software: Prepackaged Software","http://www.nasdaq.com/symbol/tngo",
"TANH","Tantech Holdings Ltd.","4.81","$103.9M","2015","Basic Industries","Major Chemicals","http://www.nasdaq.com/symbol/tanh",
"TRX","Tanzanian Royalty Exploration Corporation","0.261","$28.21M","n/a","Basic Industries","Precious Metals","http://www.nasdaq.com/symbol/trx",
"TAOM","Taomee Holdings Limited","3.59","$127.72M","2011","Miscellaneous","Business Services","http://www.nasdaq.com/symbol/taom",
"TEDU","Tarena International, Inc.","10.93","$594.95M","2014","Consumer Services","Other Consumer Services","http://www.nasdaq.com/symbol/tedu",
"NGLS^A","Targa Resources Partners LP","21.73","n/a","n/a","n/a","n/a","http://www.nasdaq.com/symbol/ngls^a",
"TRGP","Targa Resources, Inc.","27.05","$4.34B","2010","Public Utilities","Natural Gas Distribution","http://www.nasdaq.com/symbol/trgp",
"TGT","Target Corporation","80.53","$49.61B","n/a","Consumer Services","Department/Specialty Retail Stores","http://www.nasdaq.com/symbol/tgt",
"TARO","Taro Pharmaceutical Industries Ltd.","137.5","$5.89B","n/a","Health Care","Major Pharmaceuticals","http://www.nasdaq.com/symbol/taro",
"TGB","Taseko Mines Limited","0.4617","$102.41M","n/a","Basic Industries","Precious Metals","http://www.nasdaq.com/symbol/tgb",
"TASR","TASER International, Inc.","19.54","$1.05B","n/a","Capital Goods","Ordnance And Accessories","http://www.nasdaq.com/symbol/tasr",
"TATT","TAT Technologies Ltd.","6.99","$61.57M","n/a","Capital Goods","Aerospace","http://www.nasdaq.com/symbol/tatt",
"TTM","Tata Motors Ltd","25.18","$12.82B","n/a","Capital Goods","Auto Manufacturing","http://www.nasdaq.com/symbol/ttm",
"TCO","Taubman Centers, Inc.","72.71","$4.38B","1992","Consumer Services","Real Estate Investment Trusts","http://www.nasdaq.com/symbol/tco",
"TCO^J","Taubman Centers, Inc.","25.9411","n/a","n/a","n/a","n/a","http://www.nasdaq.com/symbol/tco^j",
"TCO^K","Taubman Centers, Inc.","26.24","n/a","n/a","n/a","n/a","http://www.nasdaq.com/symbol/tco^k",
"TAYD","Taylor Devices, Inc.","13.5101","$45.9M","n/a","Capital Goods","Industrial Machinery/Components","http://www.nasdaq.com/symbol/tayd",
"TMHC","Taylor Morrison Home Corporation","13.8","$1.67B","2013","Capital Goods","Homebuilding","http://www.nasdaq.com/symbol/tmhc",
"TCP","TC PipeLines, LP","48.98","$3.24B","n/a","Public Utilities","Natural Gas Distribution","http://www.nasdaq.com/symbol/tcp",
"TCB","TCF Financial Corporation","12.06","$2.06B","n/a","Finance","Major Banks","http://www.nasdaq.com/symbol/tcb",
"TCB.WS","TCF Financial Corporation","n/a","n/a","n/a","n/a","n/a","http://www.nasdaq.com/symbol/tcb.ws",
"TCB^B","TCF Financial Corporation","25.7579","n/a","n/a","n/a","n/a","http://www.nasdaq.com/symbol/tcb^b",
"TCB^C","TCF Financial Corporation","25.43","n/a","n/a","n/a","n/a","http://www.nasdaq.com/symbol/tcb^c",
"TCPC","TCP Capital Corp.","14","$681.92M","2012","n/a","n/a","http://www.nasdaq.com/symbol/tcpc",
"TCPI","TCP International Holdings Ltd.","1.19","$33.81M","2014","Consumer Durables","Building Products","http://www.nasdaq.com/symbol/tcpi",
"TSI","TCW Strategic Income Fund, Inc.","5.22","$248.93M","n/a","n/a","n/a","http://www.nasdaq.com/symbol/tsi",
"AMTD","TD Ameritrade Holding Corporation","30.35","$16.24B","1997","Finance","Investment Bankers/Brokers/Service","http://www.nasdaq.com/symbol/amtd",
"TEL","TE Connectivity Ltd.","59.4","$21.96B","n/a","Consumer Non-Durables","Electronic Components","http://www.nasdaq.com/symbol/tel",
"TMH","Team Health Holdings, Inc.","44.19","$3.25B","2009","Technology","Professional Services","http://www.nasdaq.com/symbol/tmh",
"TISI","Team, Inc.","25.59","$558.8M","n/a","Consumer Services","Other Consumer Services","http://www.nasdaq.com/symbol/tisi",
"TEAR","TearLab Corporation","0.82","$27.68M","n/a","Health Care","Medical/Dental Instruments","http://www.nasdaq.com/symbol/tear",
"TECD","Tech Data Corporation","76.95","$2.7B","1986","Technology","Retail: Computer Software & Peripheral Equipment","http://www.nasdaq.com/symbol/tecd",
"TCCO","Technical Communications Corporation","2.81","$5.17M","n/a","Technology","Radio And Television Broadcasting And Communications Equipment","http://www.nasdaq.com/symbol/tcco",
"TTGT","TechTarget, Inc.","7.18","$232M","2007","Miscellaneous","Business Services","http://www.nasdaq.com/symbol/ttgt",
"TCK","Teck Resources Ltd","7.4","$4.2B","n/a","Basic Industries","Mining & Quarrying of Nonmetallic Minerals (No Fuels)","http://www.nasdaq.com/symbol/tck",
"TGLS","Tecnoglass Inc.","11.7","$311.99M","2012","Consumer Durables","Electronic Components","http://www.nasdaq.com/symbol/tgls",
"TE","TECO Energy, Inc.","27.46","$6.47B","n/a","Public Utilities","Electric Utilities: Central","http://www.nasdaq.com/symbol/te",
"TGEN","Tecogen Inc.","4.01","$70.53M","2014","Capital Goods","Industrial Machinery/Components","http://www.nasdaq.com/symbol/tgen",
"TK","Teekay Corporation","7.63","$554.75M","n/a","Transportation","Marine Transportation","http://www.nasdaq.com/symbol/tk",
"TGP","Teekay LNG Partners L.P.","11.27","$896.12M","2005","Consumer Services","Marine Transportation","http://www.nasdaq.com/symbol/tgp",
"TOO","Teekay Offshore Partners L.P.","3.91","$418.37M","2006","Consumer Services","Marine Transportation","http://www.nasdaq.com/symbol/too",
"TOO^A","Teekay Offshore Partners L.P.","14.9","n/a","n/a","n/a","n/a","http://www.nasdaq.com/symbol/too^a",
"TOO^B","Teekay Offshore Partners L.P.","16.68","n/a","n/a","n/a","n/a","http://www.nasdaq.com/symbol/too^b",
"TNK","Teekay Tankers Ltd.","3.68","$562.3M","2007","Consumer Services","Marine Transportation","http://www.nasdaq.com/symbol/tnk",
"GCI","TEGNA Inc.","15.5","$1.8B","2015","Consumer Services","Newspapers/Magazines","http://www.nasdaq.com/symbol/gci",
"TGNA","TEGNA Inc.","24","$5.27B","n/a","Consumer Services","Broadcasting","http://www.nasdaq.com/symbol/tgna",
"TRC","Tejon Ranch Co","19.54","$404.11M","n/a","Finance","Real Estate","http://www.nasdaq.com/symbol/trc",
"HQH","Tekla Healthcare Investors","23.28","$658.35M","1987","n/a","n/a","http://www.nasdaq.com/symbol/hqh",
"THQ","Tekla Healthcare Opportunies Fund","15.5598","n/a","2014","n/a","n/a","http://www.nasdaq.com/symbol/thq",
"HQL","Tekla Life Sciences Investors","17.68","$270.28M","1992","n/a","n/a","http://www.nasdaq.com/symbol/hql",
"THW","Tekla World Healthcare Fund","13.62","n/a","2015","n/a","n/a","http://www.nasdaq.com/symbol/thw",
"TDOC","Teladoc, Inc.","11.98","$460.68M","2015","Health Care","Medical/Nursing Services","http://www.nasdaq.com/symbol/tdoc",
"TEO","Telecom Argentina Stet - France Telecom S.A.","19.1","$3.7B","n/a","Public Utilities","Telecommunications Equipment","http://www.nasdaq.com/symbol/teo",
"TI.A","Telecom Italia S.P.A.","n/a","n/a","n/a","n/a","n/a","http://www.nasdaq.com/symbol/ti.a",
"TI","Telecom Italia S.P.A.","10.87","$21.19B","n/a","Consumer Services","Telecommunications Equipment","http://www.nasdaq.com/symbol/ti",
"TDY","Teledyne Technologies Incorporated","88.27","$3.04B","n/a","Capital Goods","Industrial Machinery/Components","http://www.nasdaq.com/symbol/tdy",
"TFX","Teleflex Incorporated","146.84","$6.11B","n/a","Health Care","Medical/Dental Instruments","http://www.nasdaq.com/symbol/tfx",
"VIV","Telefonica Brasil S.A.","10.81","$18.25B","n/a","Public Utilities","Telecommunications Equipment","http://www.nasdaq.com/symbol/viv",
"TEF","Telefonica SA","10.76","$52.34B","1988","Public Utilities","Telecommunications Equipment","http://www.nasdaq.com/symbol/tef",
"TNAV","TeleNav, Inc.","6.05","$250.32M","2010","Capital Goods","Industrial Machinery/Components","http://www.nasdaq.com/symbol/tnav",
"TDA","Telephone and Data Systems, Inc.","24.33","n/a","n/a","Public Utilities","Telecommunications Equipment","http://www.nasdaq.com/symbol/tda",
"TDE","Telephone and Data Systems, Inc.","25.24","n/a","n/a","Public Utilities","Telecommunications Equipment","http://www.nasdaq.com/symbol/tde",
"TDI","Telephone and Data Systems, Inc.","25.7","n/a","n/a","Public Utilities","Telecommunications Equipment","http://www.nasdaq.com/symbol/tdi",
"TDJ","Telephone and Data Systems, Inc.","25.43","n/a","n/a","Public Utilities","Telecommunications Equipment","http://www.nasdaq.com/symbol/tdj",
"TDS","Telephone and Data Systems, Inc.","27.79","$3.03B","n/a","Public Utilities","Telecommunications Equipment","http://www.nasdaq.com/symbol/tds",
"TTEC","TeleTech Holdings, Inc.","28.6","$1.38B","1996","Technology","Professional Services","http://www.nasdaq.com/symbol/ttec",
"TLGT","Teligent, Inc.","5.7","$301.38M","n/a","Health Care","Major Pharmaceuticals","http://www.nasdaq.com/symbol/tlgt",
"TIK","Tel-Instrument Electronics Corp.","4.12","$13.42M","n/a","Capital Goods","Electrical Products","http://www.nasdaq.com/symbol/tik",
"TU","TELUS Corporation","29.93","$17.76B","n/a","Public Utilities","Telecommunications Equipment","http://www.nasdaq.com/symbol/tu",
"TDF","Templeton Dragon Fund, Inc.","16.26","$579.67M","n/a","n/a","n/a","http://www.nasdaq.com/symbol/tdf",
"EMF","Templeton Emerging Markets Fund","10.29","$185.62M","1987","n/a","n/a","http://www.nasdaq.com/symbol/emf",
"TEI","Templeton Emerging Markets Income Fund, Inc.","9.93","$476.24M","1993","n/a","n/a","http://www.nasdaq.com/symbol/tei",
"GIM","Templeton Global Income Fund, Inc.","6.28","$842.43M","1988","n/a","n/a","http://www.nasdaq.com/symbol/gim",
"TPX","Tempur Sealy International, Inc.","59.26","$3.7B","2003","Consumer Durables","Home Furnishings","http://www.nasdaq.com/symbol/tpx",
"TS","Tenaris S.A.","23.14","$13.66B","n/a","Basic Industries","Steel/Iron Ore","http://www.nasdaq.com/symbol/ts",
"TENX","Tenax Therapeutics, Inc.","2.05","$57.65M","n/a","Health Care","Biotechnology: Commercial Physical & Biological Resarch","http://www.nasdaq.com/symbol/tenx",
"THC","Tenet Healthcare Corporation","25.83","$2.55B","n/a","Health Care","Hospital/Nursing Management","http://www.nasdaq.com/symbol/thc",
"TGC","Tengasco, Inc.","0.16","$9.73M","n/a","Energy","Oil & Gas Production","http://www.nasdaq.com/symbol/tgc",
"TNC","Tennant Company","51.82","$914.61M","n/a","Technology","Industrial Machinery/Components","http://www.nasdaq.com/symbol/tnc",
"TEN","Tenneco Inc.","46.71","$2.69B","n/a","Capital Goods","Auto Parts:O.E.M.","http://www.nasdaq.com/symbol/ten",
"TVC","Tennessee Valley Authority","25.6528","n/a","n/a","Public Utilities","Electric Utilities: Central","http://www.nasdaq.com/symbol/tvc",
"TVE","Tennessee Valley Authority","25.3245","n/a","n/a","Public Utilities","Electric Utilities: Central","http://www.nasdaq.com/symbol/tve",
"TDC","Teradata Corporation","26.81","$3.47B","n/a","Technology","Computer Manufacturing","http://www.nasdaq.com/symbol/tdc",
"TER","Teradyne, Inc.","19.56","$4B","n/a","Capital Goods","Electrical Products","http://www.nasdaq.com/symbol/ter",
"TEX","Terex Corporation","21.05","$2.29B","n/a","Capital Goods","Construction/Ag Equipment/Trucks","http://www.nasdaq.com/symbol/tex",
"TX","Ternium S.A.","16.82","$3.37B","n/a","Basic Industries","Steel/Iron Ore","http://www.nasdaq.com/symbol/tx",
"TNH","Terra Nitrogen Company, L.P.","106.12","$1.96B","n/a","Basic Industries","Agricultural Chemicals","http://www.nasdaq.com/symbol/tnh",
"GLBL","TerraForm Global, Inc.","3.54","$630.31M","2015","Public Utilities","Electric Utilities: Central","http://www.nasdaq.com/symbol/glbl",
"TERP","TerraForm Power, Inc.","10.61","$1.49B","2014","Public Utilities","Electric Utilities: Central","http://www.nasdaq.com/symbol/terp",
"TRTL","Terrapin 3 Acquisition Corporation","9.88","$262.75M","2014","Finance","Business Services","http://www.nasdaq.com/symbol/trtl",
"TRTLU","Terrapin 3 Acquisition Corporation","10.0752","$186.39M","2014","Finance","Business Services","http://www.nasdaq.com/symbol/trtlu",
"TRTLW","Terrapin 3 Acquisition Corporation","0.3","n/a","2014","Finance","Business Services","http://www.nasdaq.com/symbol/trtlw",
"TRNO","Terreno Realty Corporation","22.99","$997.57M","2010","Finance","Real Estate","http://www.nasdaq.com/symbol/trno",
"TRNO^A","Terreno Realty Corporation","25.8","n/a","n/a","n/a","n/a","http://www.nasdaq.com/symbol/trno^a",
"TBNK","Territorial Bancorp Inc.","25.98","$251.49M","2009","Finance","Savings Institutions","http://www.nasdaq.com/symbol/tbnk",
"TSRO","TESARO, Inc.","43.64","$1.76B","2012","Health Care","Major Pharmaceuticals","http://www.nasdaq.com/symbol/tsro",
"TESO","Tesco Corporation","8.32","$324.53M","n/a","Energy","Metal Fabrications","http://www.nasdaq.com/symbol/teso",
"TSLA","Tesla Motors, Inc.","202.6","$26.75B","2010","Capital Goods","Auto Manufacturing","http://www.nasdaq.com/symbol/tsla",
"TSO","Tesoro Corporation","84","$10.07B","n/a","Energy","Integrated oil Companies","http://www.nasdaq.com/symbol/tso",
"TLLP","Tesoro Logistics LP","42.13","$3.94B","2011","Energy","Natural Gas Distribution","http://www.nasdaq.com/symbol/tllp",
"TESS","TESSCO Technologies Incorporated","17.18","$142.13M","1994","Consumer Non-Durables","Electronic Components","http://www.nasdaq.com/symbol/tess",
"TSRA","Tessera Technologies, Inc.","29.29","$1.47B","2003","Technology","Semiconductors","http://www.nasdaq.com/symbol/tsra",
"TTEK","Tetra Tech, Inc.","28","$1.64B","1991","Consumer Services","Military/Government/Technical","http://www.nasdaq.com/symbol/ttek",
"TTI","Tetra Technologies, Inc.","5.99","$480.58M","n/a","Energy","Oil & Gas Production","http://www.nasdaq.com/symbol/tti",
"TLOG","TetraLogic Pharmaceuticals Corporation","0.2001","$4.96M","2013","Health Care","Major Pharmaceuticals","http://www.nasdaq.com/symbol/tlog",
"TTPH","Tetraphase Pharmaceuticals, Inc.","4.49","$164.33M","2013","Health Care","Major Pharmaceuticals","http://www.nasdaq.com/symbol/ttph",
"TEVA","Teva Pharmaceutical Industries Limited","56.21","$51.02B","n/a","Health Care","Major Pharmaceuticals","http://www.nasdaq.com/symbol/teva",
"TCBI","Texas Capital Bancshares, Inc.","36.85","$1.69B","2003","Finance","Major Banks","http://www.nasdaq.com/symbol/tcbi",
"TCBIL","Texas Capital Bancshares, Inc.","24.5","n/a","n/a","Finance","Major Banks","http://www.nasdaq.com/symbol/tcbil",
"TCBIP","Texas Capital Bancshares, Inc.","23.9601","$143.76M","n/a","Finance","Major Banks","http://www.nasdaq.com/symbol/tcbip",
"TCBIW","Texas Capital Bancshares, Inc.","17.19","n/a","n/a","Finance","Major Banks","http://www.nasdaq.com/symbol/tcbiw",
"TXN","Texas Instruments Incorporated","54.53","$54.82B","n/a","Technology","Semiconductors","http://www.nasdaq.com/symbol/txn",
"TPL","Texas Pacific Land Trust","146.06","$1.19B","n/a","Energy","Oil & Gas Production","http://www.nasdaq.com/symbol/tpl",
"TXRH","Texas Roadhouse, Inc.","42.24","$2.96B","2004","Consumer Services","Restaurants","http://www.nasdaq.com/symbol/txrh",
"TGH","Textainer Group Holdings Limited","13.21","$753.18M","2007","Technology","Diversified Commercial Services","http://www.nasdaq.com/symbol/tgh",
"TXT","Textron Inc.","32.51","$8.82B","n/a","Capital Goods","Aerospace","http://www.nasdaq.com/symbol/txt",
"TXTR","Textura Corporation","18.25","$476.09M","2013","Technology","Computer Software: Prepackaged Software","http://www.nasdaq.com/symbol/txtr",
"TFSL","TFS Financial Corporation","16.9","$4.88B","n/a","Finance","Savings Institutions","http://www.nasdaq.com/symbol/tfsl",
"TGTX","TG Therapeutics, Inc.","8.6","$451.67M","n/a","Health Care","Major Pharmaceuticals","http://www.nasdaq.com/symbol/tgtx",
"TTF","Thai Fund, Inc. (The)","7.28","$91.08M","1988","n/a","n/a","http://www.nasdaq.com/symbol/ttf",
"ABCO","The Advisory Board Company","29.29","$1.23B","2001","Consumer Services","Other Consumer Services","http://www.nasdaq.com/symbol/abco",
"AES","The AES Corporation","10.62","$7.01B","n/a","Basic Industries","Electric Utilities: Central","http://www.nasdaq.com/symbol/aes",
"AES^C","The AES Corporation","50.1","n/a","n/a","Basic Industries","Electric Utilities: Central","http://www.nasdaq.com/symbol/aes^c",
"ANDE","The Andersons, Inc.","29.89","$836.92M","n/a","Consumer Services","Farming/Seeds/Milling","http://www.nasdaq.com/symbol/ande",
"TBBK","The Bancorp, Inc.","5.26","$198.61M","n/a","Finance","Major Banks","http://www.nasdaq.com/symbol/tbbk",
"BX","The Blackstone Group L.P.","28.25","$33.65B","2007","Finance","Investment Managers","http://www.nasdaq.com/symbol/bx",
"BONT","The Bon-Ton Stores, Inc.","2.55","$53.88M","1991","Consumer Services","Department/Specialty Retail Stores","http://www.nasdaq.com/symbol/bont",
"CG","The Carlyle Group L.P.","16.08","$5.35B","2012","Finance","Investment Managers","http://www.nasdaq.com/symbol/cg",
"SCHW","The Charles Schwab Corporation","26.67","$35.22B","n/a","Finance","Investment Bankers/Brokers/Service","http://www.nasdaq.com/symbol/schw",
"SCHW^B","The Charles Schwab Corporation","25.77","n/a","n/a","n/a","n/a","http://www.nasdaq.com/symbol/schw^b",
"SCHW^C","The Charles Schwab Corporation","25.64","n/a","n/a","n/a","n/a","http://www.nasdaq.com/symbol/schw^c",
"CAKE","The Cheesecake Factory Incorporated","51.88","$2.52B","1992","Consumer Services","Restaurants","http://www.nasdaq.com/symbol/cake",
"CHEF","The Chefs&#39; Warehouse, Inc.","19.83","$521.35M","2011","Consumer Non-Durables","Food Distributors","http://www.nasdaq.com/symbol/chef",
"TCFC","The Community Financial Corporation","20","$94.21M","n/a","Finance","Major Banks","http://www.nasdaq.com/symbol/tcfc",
"SRV","The Cushing MLP Total Return Fund","9.9511","n/a","n/a","n/a","n/a","http://www.nasdaq.com/symbol/srv",
"DSGX","The Descartes Systems Group Inc.","16.7","$1.27B","n/a","Technology","Computer Software: Prepackaged Software","http://www.nasdaq.com/symbol/dsgx",
"DXYN","The Dixie Group, Inc.","4.3","$68.83M","n/a","Consumer Durables","Home Furnishings","http://www.nasdaq.com/symbol/dxyn",
"ENSG","The Ensign Group, Inc.","21.22","$1.08B","2007","Health Care","Hospital/Nursing Management","http://www.nasdaq.com/symbol/ensg",
"XONE","The ExOne Company","11.27","$163.69M","2013","Capital Goods","Industrial Machinery/Components","http://www.nasdaq.com/symbol/xone",
"FINL","The Finish Line, Inc.","18.67","$828.15M","1992","Consumer Services","Clothing/Shoe/Accessory Stores","http://www.nasdaq.com/symbol/finl",
"FBMS","The First Bancshares, Inc.","17.89","$96.66M","n/a","Finance","Major Banks","http://www.nasdaq.com/symbol/fbms",
"FLIC","The First of Long Island Corporation","27.65","$389.98M","n/a","Finance","Major Banks","http://www.nasdaq.com/symbol/flic",
"TFM","The Fresh Market, Inc.","22.67","$1.07B","2010","Consumer Services","Food Chains","http://www.nasdaq.com/symbol/tfm",
"GLU^A","The Gabelli Global Utility and Income Trust","51","n/a","n/a","n/a","n/a","http://www.nasdaq.com/symbol/glu^a",
"GLU","The Gabelli Global Utility and Income Trust","16.74","$68.83M","2004","n/a","n/a","http://www.nasdaq.com/symbol/glu",
"GRX","The Gabelli Healthcare & Wellness Trust","9.87","$147.62M","n/a","n/a","n/a","http://www.nasdaq.com/symbol/grx",
"GRX^A","The Gabelli Healthcare & Wellness Trust","26.43","n/a","n/a","n/a","n/a","http://www.nasdaq.com/symbol/grx^a",
"GRX^B","The Gabelli Healthcare & Wellness Trust","27.1375","n/a","n/a","n/a","n/a","http://www.nasdaq.com/symbol/grx^b",
"GDL","The GDL Fund","9.94","$203.67M","2007","n/a","n/a","http://www.nasdaq.com/symbol/gdl",
"GDL^B","The GDL Fund","50.46","n/a","n/a","n/a","n/a","http://www.nasdaq.com/symbol/gdl^b",
"GT","The Goodyear Tire & Rubber Company","32.23","$8.61B","n/a","Consumer Durables","Automotive Aftermarket","http://www.nasdaq.com/symbol/gt",
"HABT","The Habit Restaurants, Inc.","19.62","$510.14M","2014","Consumer Services","Restaurants","http://www.nasdaq.com/symbol/habt",
"HCKT","The Hackett Group, Inc.","13.91","$408.72M","n/a","Consumer Services","Professional Services","http://www.nasdaq.com/symbol/hckt",
"HAIN","The Hain Celestial Group, Inc.","38.91","$4.01B","n/a","Consumer Non-Durables","Packaged Foods","http://www.nasdaq.com/symbol/hain",
"THG","The Hanover Insurance Group, Inc.","85.06","$3.64B","n/a","Finance","Property-Casualty Insurers","http://www.nasdaq.com/symbol/thg",
"THGA","The Hanover Insurance Group, Inc.","25.3","n/a","n/a","Finance","Property-Casualty Insurers","http://www.nasdaq.com/symbol/thga",
"CUBA","The Herzfeld Caribbean Basin Fund, Inc.","7","$39.2M","n/a","n/a","n/a","http://www.nasdaq.com/symbol/cuba",
"INTG","The Intergroup Corporation","25.74","$61.36M","n/a","Consumer Services","Building operators","http://www.nasdaq.com/symbol/intg",
"JYNT","The Joint Corp.","4.04","$40.02M","2014","Miscellaneous","Multi-Sector Companies","http://www.nasdaq.com/symbol/jynt",
"KEYW","The KEYW Holding Corporation","6.93","$276.75M","2010","Technology","EDP Services","http://www.nasdaq.com/symbol/keyw",
"KHC","The Kraft Heinz Company","76.29","$92.57B","n/a","Consumer Non-Durables","Packaged Foods","http://www.nasdaq.com/symbol/khc",
"MDCO","The Medicines Company","33.88","$2.36B","2000","Health Care","Major Pharmaceuticals","http://www.nasdaq.com/symbol/mdco",
"MIK","The Michaels Companies, Inc.","24.07","$5.03B","2014","Consumer Services","Recreational Products/Toys","http://www.nasdaq.com/symbol/mik",
"MIDD","The Middleby Corporation","101.02","$5.79B","n/a","Technology","Industrial Machinery/Components","http://www.nasdaq.com/symbol/midd",
"NAVG","The Navigators Group, Inc.","82.73","$1.19B","1986","Finance","Property-Casualty Insurers","http://www.nasdaq.com/symbol/navg",
"STKS","The ONE Group Hospitality, Inc.","2.53","$63.65M","n/a","Consumer Services","Restaurants","http://www.nasdaq.com/symbol/stks",
"PCLN","The Priceline Group Inc. ","1282.77","$63.65B","1999","Miscellaneous","Business Services","http://www.nasdaq.com/symbol/pcln",
"PRSC","The Providence Service Corporation","46.91","$721.17M","2003","Consumer Services","Transportation Services","http://www.nasdaq.com/symbol/prsc",
"BITE","The Restaurant ETF","25.76","n/a","n/a","n/a","n/a","http://www.nasdaq.com/symbol/bite",
"RMR","The RMR Group Inc.","23.27","$721.37M","n/a","Consumer Services","Professional Services","http://www.nasdaq.com/symbol/rmr",
"RUBI","The Rubicon Project, Inc.","16.98","$753.55M","2014","Technology","Computer Software: Programming, Data Processing","http://www.nasdaq.com/symbol/rubi",
"SPNC","The Spectranetics Corporation","15.27","$652.02M","1992","Health Care","Biotechnology: Electromedical & Electrotherapeutic Apparatus","http://www.nasdaq.com/symbol/spnc",
"TRV","The Travelers Companies, Inc.","110.85","$32.7B","n/a","Finance","Property-Casualty Insurers","http://www.nasdaq.com/symbol/trv",
"ULTI","The Ultimate Software Group, Inc.","172.42","$4.97B","1998","Technology","Computer Software: Prepackaged Software","http://www.nasdaq.com/symbol/ulti",
"YORW","The York Water Company","28.71","$367.25M","n/a","Public Utilities","Water Supply","http://www.nasdaq.com/symbol/yorw",
"NCTY","The9 Limited","2.2","$51.04M","2004","Miscellaneous","Business Services","http://www.nasdaq.com/symbol/ncty",
"TXMD","TherapeuticsMD, Inc.","6.48","$1.27B","n/a","Health Care","Major Pharmaceuticals","http://www.nasdaq.com/symbol/txmd",
"TBPH","Theravance Biopharma, Inc.","17.17","$649.7M","n/a","Health Care","Major Pharmaceuticals","http://www.nasdaq.com/symbol/tbph",
"TMO","Thermo Fisher Scientific Inc","139.08","$55.11B","n/a","Capital Goods","Industrial Machinery/Components","http://www.nasdaq.com/symbol/tmo",
"THR","Thermon Group Holdings, Inc.","17.04","$548.96M","2011","Energy","Industrial Machinery/Components","http://www.nasdaq.com/symbol/thr",
"TST","TheStreet, Inc.","0.9101","$31.74M","n/a","Consumer Services","Newspapers/Magazines","http://www.nasdaq.com/symbol/tst",
"TPRE","Third Point Reinsurance Ltd.","10.93","$1.16B","2013","Finance","Property-Casualty Insurers","http://www.nasdaq.com/symbol/tpre",
"TSLF","THL Credit Senior Loan Fund","14.84","n/a","2013","n/a","n/a","http://www.nasdaq.com/symbol/tslf",
"TCRD","THL Credit, Inc.","10.06","$335.38M","2010","n/a","n/a","http://www.nasdaq.com/symbol/tcrd",
"TCRX","THL Credit, Inc.","24.72","n/a","2014","n/a","n/a","http://www.nasdaq.com/symbol/tcrx",
"TCRZ","THL Credit, Inc.","24.9878","n/a","2015","n/a","n/a","http://www.nasdaq.com/symbol/tcrz",
"TRI","Thomson Reuters Corp","37.02","$28.19B","n/a","Consumer Services","Publishing","http://www.nasdaq.com/symbol/tri",
"THO","Thor Industries, Inc.","59.98","$3.15B","n/a","Consumer Non-Durables","Homebuilding","http://www.nasdaq.com/symbol/tho",
"THLD","Threshold Pharmaceuticals, Inc.","0.3551","$25.37M","2005","Health Care","Major Pharmaceuticals","http://www.nasdaq.com/symbol/thld",
"TPI","Tianyin Pharmaceutical Co., Inc.","0.15","$4.41M","n/a","Health Care","Major Pharmaceuticals","http://www.nasdaq.com/symbol/tpi",
"TICC","TICC Capital Corp.","5.49","$329.33M","2003","n/a","n/a","http://www.nasdaq.com/symbol/ticc",
"TDW","Tidewater Inc.","9.51","$446.68M","n/a","Consumer Services","Marine Transportation","http://www.nasdaq.com/symbol/tdw",
"TIER","TIER REIT, Inc.","13.22","$631.21M","n/a","Consumer Services","Real Estate Investment Trusts","http://www.nasdaq.com/symbol/tier",
"TIF","Tiffany & Co.","69.38","$8.9B","1987","Consumer Services","Consumer Specialties","http://www.nasdaq.com/symbol/tif",
"TTS","Tile Shop Hldgs, Inc.","12.67","$651.72M","n/a","Consumer Services","Home Furnishings","http://www.nasdaq.com/symbol/tts",
"TIL","Till Capital Ltd.","3.39","$11.63M","n/a","Finance","Property-Casualty Insurers","http://www.nasdaq.com/symbol/til",
"TLYS","Tilly&#39;s, Inc.","8.29","$236.05M","2012","Consumer Services","Clothing/Shoe/Accessory Stores","http://www.nasdaq.com/symbol/tlys",
"TSU","TIM Participacoes S.A.","10","$4.84B","n/a","Public Utilities","Telecommunications Equipment","http://www.nasdaq.com/symbol/tsu",
"TSBK","Timberland Bancorp, Inc.","12.68","$88.7M","n/a","Finance","Banks","http://www.nasdaq.com/symbol/tsbk",
"TIME","Time Inc.","14.23","$1.49B","2014","Consumer Services","Newspapers/Magazines","http://www.nasdaq.com/symbol/time",
"TWC","Time Warner Cable Inc","193.47","$54.8B","n/a","Consumer Services","Television Services","http://www.nasdaq.com/symbol/twc",
"TWX","Time Warner Inc.","68.08","$53.79B","n/a","Consumer Services","Television Services","http://www.nasdaq.com/symbol/twx",
"TKR","Timken Company (The)","30.65","$2.45B","n/a","Capital Goods","Metal Fabrications","http://www.nasdaq.com/symbol/tkr",
"TMST","Timken Steel Corporation","8.26","$365.16M","2014","Basic Industries","Steel/Iron Ore","http://www.nasdaq.com/symbol/tmst",
"TGD","Timmons Gold Corp","0.263","$82.97M","2011","Basic Industries","Precious Metals","http://www.nasdaq.com/symbol/tgd",
"TIPT","Tiptree Financial Inc.","5.97","$256.87M","n/a","Finance","Specialty Insurers","http://www.nasdaq.com/symbol/tipt",
"TWI","Titan International, Inc.","6.05","$326.44M","n/a","Basic Industries","Steel/Iron Ore","http://www.nasdaq.com/symbol/twi",
"TITN","Titan Machinery Inc.","12.49","$269.46M","2007","Consumer Services","Other Specialty Stores","http://www.nasdaq.com/symbol/titn",
"TTNP","Titan Pharmaceuticals, Inc.","3.65","$73.22M","n/a","Health Care","Biotechnology: Biological Products (No Diagnostic Substances)","http://www.nasdaq.com/symbol/ttnp",
"TIVO","TiVo Inc.","8.08","$790.58M","1999","Consumer Services","Television Services","http://www.nasdaq.com/symbol/tivo",
"TJX","TJX Companies, Inc. (The)","75.39","$50.48B","n/a","Consumer Services","Clothing/Shoe/Accessory Stores","http://www.nasdaq.com/symbol/tjx",
"TMUS","T-Mobile US, Inc.","38.95","$31.88B","n/a","Public Utilities","Telecommunications Equipment","http://www.nasdaq.com/symbol/tmus",
"TMUSP","T-Mobile US, Inc.","66.98","n/a","n/a","Public Utilities","Telecommunications Equipment","http://www.nasdaq.com/symbol/tmusp",
"TBRA","Tobira Therapeutics, Inc.","7.22","$135.81M","2013","Health Care","Major Pharmaceuticals","http://www.nasdaq.com/symbol/tbra",
"TOF","Tofutti Brands Inc.","3.6","$18.55M","n/a","Consumer Non-Durables","Specialty Foods","http://www.nasdaq.com/symbol/tof",
"TKAI","Tokai Pharmaceuticals, Inc.","6.54","$147.7M","2014","Health Care","Major Pharmaceuticals","http://www.nasdaq.com/symbol/tkai",
"TOL","Toll Brothers Inc.","27.49","$4.79B","n/a","Capital Goods","Homebuilding","http://www.nasdaq.com/symbol/tol",
"TMP","Tompkins Financial Corporation","61.87","$921.94M","n/a","Finance","Major Banks","http://www.nasdaq.com/symbol/tmp",
"TNXP","Tonix Pharmaceuticals Holding Corp.","2.31","$43.5M","n/a","Health Care","Major Pharmaceuticals","http://www.nasdaq.com/symbol/tnxp",
"TR","Tootsie Roll Industries, Inc.","33.94","$2.12B","n/a","Consumer Non-Durables","Specialty Foods","http://www.nasdaq.com/symbol/tr",
"TISA","Top Image Systems, Ltd.","2.1","$37.62M","1996","Technology","Computer peripheral equipment","http://www.nasdaq.com/symbol/tisa",
"TOPS","TOP Ships Inc.","3.11","$6.47M","n/a","Transportation","Marine Transportation","http://www.nasdaq.com/symbol/tops",
"BLD","TopBuild Corp.","28","$1.06B","2015","Basic Industries","Engineering & Construction","http://www.nasdaq.com/symbol/bld",
"TORM          ","TOR Minerals International Inc","3.583","$10.8M","1988","Basic Industries","Major Chemicals","http://www.nasdaq.com/symbol/torm          ",
"TRCH","Torchlight Energy Resources, Inc.","0.555","$17.34M","n/a","Energy","Oil & Gas Production","http://www.nasdaq.com/symbol/trch",
"TMK","Torchmark Corporation","52.61","$6.38B","n/a","Finance","Life Insurance","http://www.nasdaq.com/symbol/tmk",
"TMK^B","Torchmark Corporation","25.5081","n/a","n/a","n/a","n/a","http://www.nasdaq.com/symbol/tmk^b",
"TTC","Toro Company (The)","82.84","$4.51B","n/a","Capital Goods","Tools/Hardware","http://www.nasdaq.com/symbol/ttc",
"TD","Toronto Dominion Bank (The)","40.7","$75.35B","n/a","Finance","Commercial Banks","http://www.nasdaq.com/symbol/td",
"NDP","Tortoise Energy Independence Fund, Inc.","10.52","$152.71M","2012","n/a","n/a","http://www.nasdaq.com/symbol/ndp",
"TYG","Tortoise Energy Infrastructure Corporation","24.38","$689.86M","2004","n/a","n/a","http://www.nasdaq.com/symbol/tyg",
"TYG^B.CL","Tortoise Energy Infrastructure Corporation","n/a","n/a","n/a","n/a","n/a","http://www.nasdaq.com/symbol/tyg^b.cl",
"NTG","Tortoise MLP Fund, Inc.","15.6","$733.2M","2010","n/a","n/a","http://www.nasdaq.com/symbol/ntg",
"TTP","Tortoise Pipeline & Energy Fund, Inc.","13.53","$135.52M","2011","n/a","n/a","http://www.nasdaq.com/symbol/ttp",
"TPZ","Tortoise Power and Energy Infrastructure Fund, Inc","16.16","$112.33M","2009","n/a","n/a","http://www.nasdaq.com/symbol/tpz",
"TSS","Total System Services, Inc.","43.88","$8.07B","n/a","Miscellaneous","Business Services","http://www.nasdaq.com/symbol/tss",
"TOT","TotalFinaElf, S.A.","46.23","$111.65B","n/a","Energy","Oil & Gas Production","http://www.nasdaq.com/symbol/tot",
"TOWR","Tower International, Inc.","23.48","$495.7M","2010","Capital Goods","Auto Parts:O.E.M.","http://www.nasdaq.com/symbol/towr",
"TSEM","Tower Semiconductor Ltd.","12.99","$1B","1994","Technology","Semiconductors","http://www.nasdaq.com/symbol/tsem",
"TWER","Towerstream Corporation","0.2001","$13.36M","n/a","Consumer Services","Telecommunications Equipment","http://www.nasdaq.com/symbol/twer",
"CLUB","Town Sports International Holdings, Inc.","1.86","$46.28M","2006","Consumer Services","Hotels/Resorts","http://www.nasdaq.com/symbol/club",
"TOWN","Towne Bank","18.02","$928.95M","n/a","n/a","n/a","http://www.nasdaq.com/symbol/town",
"TSQ","Townsquare Media, Inc.","10.65","$190.24M","2014","Consumer Services","Broadcasting","http://www.nasdaq.com/symbol/tsq",
"TM","Toyota Motor Corp Ltd Ord","105.82","$162.66B","n/a","Capital Goods","Auto Manufacturing","http://www.nasdaq.com/symbol/tm",
"TSLX","TPG Specialty Lending, Inc.","16","$867.62M","2014","n/a","n/a","http://www.nasdaq.com/symbol/tslx",
"TCON","TRACON Pharmaceuticals, Inc.","6.26","$76.28M","2015","Health Care","Biotechnology: Biological Products (No Diagnostic Substances)","http://www.nasdaq.com/symbol/tcon",
"TSCO","Tractor Supply Company","85.92","$11.49B","1994","Consumer Services","RETAIL: Building Materials","http://www.nasdaq.com/symbol/tsco",
"TWMC","Trans World Entertainment Corp.","3.8","$118.08M","n/a","Consumer Services","Consumer Electronics/Video Chains","http://www.nasdaq.com/symbol/twmc",
"TACT","TransAct Technologies Incorporated","7.45","$57.77M","1996","Technology","Computer peripheral equipment","http://www.nasdaq.com/symbol/tact",
"TAC","TransAlta Corporation","4.42","$1.27B","n/a","Public Utilities","Electric Utilities: Central","http://www.nasdaq.com/symbol/tac",
"TAT","Transatlantic Petroleum Ltd","1.32","$54.14M","n/a","Energy","Oil & Gas Production","http://www.nasdaq.com/symbol/tat",
"TRP","TransCanada Corporation","36.98","$25.97B","n/a","Public Utilities","Natural Gas Distribution","http://www.nasdaq.com/symbol/trp",
"TRNS","Transcat, Inc.","9.63","$66.5M","n/a","Capital Goods","Electrical Products","http://www.nasdaq.com/symbol/trns",
"TCI","Transcontinental Realty Investors, Inc.","11.53","$100.52M","n/a","Consumer Services","Real Estate Investment Trusts","http://www.nasdaq.com/symbol/tci",
"TDG","Transdigm Group Incorporated","218.28","$11.67B","2006","Capital Goods","Military/Government/Technical","http://www.nasdaq.com/symbol/tdg",
"TRXC","TransEnterix, Inc.","3.95","$395.56M","n/a","Health Care","Medical/Dental Instruments","http://www.nasdaq.com/symbol/trxc",
"TBIO","Transgenomic, Inc.","0.66","$9.18M","2000","Capital Goods","Biotechnology: Laboratory Analytical Instruments","http://www.nasdaq.com/symbol/tbio",
"TGA","Transglobe Energy Corp","1.72","$124.19M","n/a","Energy","Oil & Gas Production","http://www.nasdaq.com/symbol/tga",
"TTHI","Transition Therapeutics, Inc.","0.96","$37.32M","n/a","Consumer Durables","Specialty Chemicals","http://www.nasdaq.com/symbol/tthi",
"TLP","Transmontaigne Partners L.P.","32.03","$516.47M","2005","Energy","Natural Gas Distribution","http://www.nasdaq.com/symbol/tlp",
"RIG","Transocean Ltd.","11.41","$4.15B","n/a","Energy","Oil & Gas Production","http://www.nasdaq.com/symbol/rig",
"RIGP","Transocean Partners LLC","8.9","$611.1M","2014","Energy","Oil & Gas Production","http://www.nasdaq.com/symbol/rigp",
"TGS","Transportadora De Gas Sa Ord B","5.97","$948.63M","n/a","Public Utilities","Natural Gas Distribution","http://www.nasdaq.com/symbol/tgs",
"TRU","TransUnion","25.42","$4.64B","2015","Finance","Finance: Consumer Services","http://www.nasdaq.com/symbol/tru",
"TA","TravelCenters of America LLC","9.05","$347.49M","n/a","Consumer Durables","Automotive Aftermarket","http://www.nasdaq.com/symbol/ta",
"TANN","TravelCenters of America LLC","24.98","n/a","n/a","Consumer Durables","Automotive Aftermarket","http://www.nasdaq.com/symbol/tann",
"TANO","TravelCenters of America LLC","24.4","n/a","2014","Consumer Durables","Automotive Aftermarket","http://www.nasdaq.com/symbol/tano",
"TANP","TravelCenters of America LLC","24.76","n/a","2015","Consumer Durables","Automotive Aftermarket","http://www.nasdaq.com/symbol/tanp",
"TVPT","Travelport Worldwide Limited","13.5","$1.67B","2014","Consumer Services","Transportation Services","http://www.nasdaq.com/symbol/tvpt",
"TZOO","Travelzoo Inc.","8.36","$123.15M","n/a","Technology","EDP Services","http://www.nasdaq.com/symbol/tzoo",
"TRR","TRC Companies, Inc.","7.32","$227.21M","n/a","Consumer Services","Military/Government/Technical","http://www.nasdaq.com/symbol/trr",
"TREC","Trecora Resources","9.51","$232.6M","n/a","Energy","Integrated oil Companies","http://www.nasdaq.com/symbol/trec",
"TG","Tredegar Corporation","15.57","$508.86M","n/a","Capital Goods","Metal Fabrications","http://www.nasdaq.com/symbol/tg",
"THS","Treehouse Foods, Inc.","85.35","$4.81B","n/a","Consumer Non-Durables","Packaged Foods","http://www.nasdaq.com/symbol/ths",
"TRMR","Tremor Video, Inc.","1.72","$89.63M","2013","Technology","Advertising","http://www.nasdaq.com/symbol/trmr",
"TRVN","Trevena, Inc.","8.68","$440.66M","2014","Health Care","Major Pharmaceuticals","http://www.nasdaq.com/symbol/trvn",
"TREX","Trex Company, Inc.","43.52","$1.3B","n/a","Basic Industries","Forest Products","http://www.nasdaq.com/symbol/trex",
"TY","Tri Continental Corporation","19.47","$1.23B","n/a","n/a","n/a","http://www.nasdaq.com/symbol/ty",
"TY^","Tri Continental Corporation","52.27","n/a","n/a","n/a","n/a","http://www.nasdaq.com/symbol/ty^",
"TPH","TRI Pointe Group, Inc.","10.54","$1.71B","2013","Capital Goods","Homebuilding","http://www.nasdaq.com/symbol/tph",
"TCAP","Triangle Capital Corporation","18.59","$623.39M","2007","n/a","n/a","http://www.nasdaq.com/symbol/tcap",
"TCCA","Triangle Capital Corporation","24.69","n/a","n/a","n/a","n/a","http://www.nasdaq.com/symbol/tcca",
"TCCB","Triangle Capital Corporation","24.67","n/a","2015","n/a","n/a","http://www.nasdaq.com/symbol/tccb",
"TPLM","Triangle Petroleum Corporation","1","$75.71M","n/a","Energy","Oil & Gas Production","http://www.nasdaq.com/symbol/tplm",
"TRCO","Tribune Media Company","37.94","$3.51B","2014","Consumer Services","Broadcasting","http://www.nasdaq.com/symbol/trco",
"TPUB","Tribune Publishing Company","8.87","$232.68M","2014","Consumer Services","Newspapers/Magazines","http://www.nasdaq.com/symbol/tpub",
"TCBK","TriCo Bancshares","25.55","$581.63M","n/a","Finance","Major Banks","http://www.nasdaq.com/symbol/tcbk",
"TRIL","Trillium Therapeutics Inc.","7.5889","$59.31M","n/a","Health Care","Major Pharmaceuticals","http://www.nasdaq.com/symbol/tril",
"TRS","TriMas Corporation","17.38","$787.88M","2007","Capital Goods","Industrial Specialties","http://www.nasdaq.com/symbol/trs",
"TRMB","Trimble Navigation Limited","24.64","$6.18B","1990","Capital Goods","Industrial Machinery/Components","http://www.nasdaq.com/symbol/trmb",
"TSL","Trina Solar Limited","10.44","$961.77M","2006","Technology","Semiconductors","http://www.nasdaq.com/symbol/tsl",
"TNET","TriNet Group, Inc.","13.67","$957.21M","2014","Miscellaneous","Business Services","http://www.nasdaq.com/symbol/tnet",
"TRIB","Trinity Biotech plc","11.18","$263.59M","1992","Health Care","Biotechnology: In Vitro & In Vivo Diagnostic Substances","http://www.nasdaq.com/symbol/trib",
"TRN","Trinity Industries, Inc.","18.13","$2.77B","n/a","Capital Goods","Railroads","http://www.nasdaq.com/symbol/trn",
"TPHS","Trinity Place Holdings Inc.","6.7","$169.11M","n/a","Consumer Services","Clothing/Shoe/Accessory Stores","http://www.nasdaq.com/symbol/tphs",
"TSE","Trinseo S.A.","35.18","$1.72B","2014","Basic Industries","Major Chemicals","http://www.nasdaq.com/symbol/tse",
"TRT","Trio-Tech International","2.96","$10.4M","n/a","Technology","Industrial Machinery/Components","http://www.nasdaq.com/symbol/trt",
"TRIP","TripAdvisor, Inc.","62.57","$9.09B","n/a","Technology","Computer Software: Programming, Data Processing","http://www.nasdaq.com/symbol/trip",
"TPVG","TriplePoint Venture Growth BDC Corp.","9.98","$166.47M","2014","n/a","n/a","http://www.nasdaq.com/symbol/tpvg",
"TPVZ","TriplePoint Venture Growth BDC Corp.","24.6","n/a","2015","n/a","n/a","http://www.nasdaq.com/symbol/tpvz",
"GTS","Triple-S Management Corporation","25.55","$647.64M","2007","Finance","Accident &Health Insurance","http://www.nasdaq.com/symbol/gts",
"TSC","TriState Capital Holdings, Inc.","13.34","$378.67M","2013","Finance","Major Banks","http://www.nasdaq.com/symbol/tsc",
"TBK","Triumph Bancorp, Inc.","15.25","$274.78M","2014","Finance","Major Banks","http://www.nasdaq.com/symbol/tbk",
"TGI","Triumph Group, Inc.","29.82","$1.47B","1996","Capital Goods","Aerospace","http://www.nasdaq.com/symbol/tgi",
"TROX","Tronox Limited","5.76","$666.73M","n/a","Basic Industries","Major Chemicals","http://www.nasdaq.com/symbol/trox",
"TROV","TrovaGene, Inc.","6.88","$204.49M","n/a","Health Care","Biotechnology: Biological Products (No Diagnostic Substances)","http://www.nasdaq.com/symbol/trov",
"TROVU","TrovaGene, Inc.","17.69","n/a","n/a","Health Care","Biotechnology: Biological Products (No Diagnostic Substances)","http://www.nasdaq.com/symbol/trovu",
"TROVW","TrovaGene, Inc.","4.79","n/a","n/a","Health Care","Biotechnology: Biological Products (No Diagnostic Substances)","http://www.nasdaq.com/symbol/trovw",
"TBI","TrueBlue, Inc.","24.5","$1.03B","n/a","Technology","Professional Services","http://www.nasdaq.com/symbol/tbi",
"TRUE","TrueCar, Inc.","5.91","$488.68M","2014","Technology","Computer Software: Programming, Data Processing","http://www.nasdaq.com/symbol/true",
"THST","Truett-Hurst, Inc.","1.4701","$6.18M","2013","Consumer Non-Durables","Beverages (Production/Distribution)","http://www.nasdaq.com/symbol/thst",
"TRUP","Trupanion, Inc.","9.45","$268.37M","2014","Health Care","Medical Specialities","http://www.nasdaq.com/symbol/trup",
"TRST","TrustCo Bank Corp NY","5.93","$564.89M","n/a","Finance","Major Banks","http://www.nasdaq.com/symbol/trst",
"TRMK","Trustmark Corporation","22.94","$1.55B","n/a","Finance","Major Banks","http://www.nasdaq.com/symbol/trmk",
"TNP","Tsakos Energy Navigation Ltd","6.04","$527.53M","2002","Transportation","Marine Transportation","http://www.nasdaq.com/symbol/tnp",
"TNP^B","Tsakos Energy Navigation Ltd","23.2","n/a","n/a","n/a","n/a","http://www.nasdaq.com/symbol/tnp^b",
"TNP^C","Tsakos Energy Navigation Ltd","23.213","n/a","n/a","n/a","n/a","http://www.nasdaq.com/symbol/tnp^c",
"TNP^D","Tsakos Energy Navigation Ltd","21.04","n/a","n/a","n/a","n/a","http://www.nasdaq.com/symbol/tnp^d",
"TSRI","TSR, Inc.","3.625","$7.11M","n/a","Technology","EDP Services","http://www.nasdaq.com/symbol/tsri",
"TTMI","TTM Technologies, Inc.","6.68","$664.2M","2000","Technology","Electrical Products","http://www.nasdaq.com/symbol/ttmi",
"TUBE","TubeMogul, Inc.","12.86","$450.72M","2014","Technology","Computer Software: Prepackaged Software","http://www.nasdaq.com/symbol/tube",
"TCX","Tucows Inc.","21.53","$230.1M","n/a","Technology","EDP Services","http://www.nasdaq.com/symbol/tcx",
"TUES","Tuesday Morning Corp.","7.43","$329.53M","1999","Consumer Services","Department/Specialty Retail Stores","http://www.nasdaq.com/symbol/tues",
"TUMI","Tumi Holdings, Inc.","26.33","$1.77B","2012","Consumer Non-Durables","Apparel","http://www.nasdaq.com/symbol/tumi",
"TOUR","Tuniu Corporation","8.99","$880.79M","2014","Consumer Services","Transportation Services","http://www.nasdaq.com/symbol/tour",
"TUP","Tupperware Brands Corporation","54","$2.72B","n/a","Consumer Non-Durables","Plastic Products","http://www.nasdaq.com/symbol/tup",
"TKC","Turkcell Iletisim Hizmetleri AS","10.03","$8.83B","n/a","Public Utilities","Telecommunications Equipment","http://www.nasdaq.com/symbol/tkc",
"TKF","Turkish Investment Fund, Inc. (The)","8.46","$43.8M","1989","n/a","n/a","http://www.nasdaq.com/symbol/tkf",
"TRQ","Turquoise Hill Resources Ltd.","2.69","$5.41B","n/a","Basic Industries","Precious Metals","http://www.nasdaq.com/symbol/trq",
"HEAR","Turtle Beach Corporation","1.16","$49.32M","n/a","Consumer Durables","Telecommunications Equipment","http://www.nasdaq.com/symbol/hear",
"TPC","Tutor Perini Corporation","14.87","$729.71M","n/a","Basic Industries","General Bldg Contractors - Nonresidential Bldgs","http://www.nasdaq.com/symbol/tpc",
"TUTI","Tuttle Tactical Management Multi-Strategy Income ETF","22.07","$39.73M","n/a","n/a","n/a","http://www.nasdaq.com/symbol/tuti",
"TUTT","Tuttle Tactical Management U.S. Core ETF","21.38","$64.14M","n/a","n/a","n/a","http://www.nasdaq.com/symbol/tutt",
"FOX","Twenty-First Century Fox, Inc.","27.83","$53.38B","n/a","Consumer Services","Television Services","http://www.nasdaq.com/symbol/fox",
"FOXA","Twenty-First Century Fox, Inc.","27.45","$33.51B","n/a","Consumer Services","Television Services","http://www.nasdaq.com/symbol/foxa",
"TWIN","Twin Disc, Incorporated","9.34","$106.01M","n/a","Technology","Industrial Machinery/Components","http://www.nasdaq.com/symbol/twin",
"TWTR","Twitter, Inc.","18.33","$12.79B","2013","Technology","Computer Software: Programming, Data Processing","http://www.nasdaq.com/symbol/twtr",
"TWO","Two Harbors Investments Corp","7.88","$2.74B","n/a","Consumer Services","Real Estate Investment Trusts","http://www.nasdaq.com/symbol/two",
"TRCB","Two River Bancorp","9","$71.3M","n/a","Finance","Major Banks","http://www.nasdaq.com/symbol/trcb",
"TYC","Tyco International plc","35.79","$15.2B","n/a","Consumer Services","Other Consumer Services","http://www.nasdaq.com/symbol/tyc",
"TYL","Tyler Technologies, Inc.","120.76","$4.42B","n/a","Technology","Computer Software: Prepackaged Software","http://www.nasdaq.com/symbol/tyl",
"TSN","Tyson Foods, Inc.","65.44","$23.76B","n/a","Consumer Non-Durables","Meat/Poultry/Fish","http://www.nasdaq.com/symbol/tsn",
"TSNU","Tyson Foods, Inc.","73.06","n/a","n/a","Consumer Non-Durables","Meat/Poultry/Fish","http://www.nasdaq.com/symbol/tsnu",
